<?xml version="1.0" encoding="UTF-8" standalone="yes"?>
<addon id="plugin.video.mcktvupdate" name="MckTv Updater" version="2.0.0" provider-name="MckTV">
  <requires>
    <import addon="xbmc.python" version="2.1.0"/>
  </requires>
  <extension point="xbmc.python.pluginsource" library="default.py">
        <provides>video executable</provides>
  </extension>
  <extension point="xbmc.addon.metadata">
    <summary lang="en">mcktv updater</summary>
    <description lang="en">Easy Install With MckTV Wizard</description>
    <platform>all</platform>
  </extension>
</addon>
