<?xml version="1.0" encoding="UTF-8" standalone="yes"?>
<addon id="plugin.video.mcktvtest" name="mcktv wizard" version="0.1.0" provider-name="mcktv">
  <requires>
    <import addon="xbmc.python" version="2.1.0"/>
  </requires>
  <extension point="xbmc.python.pluginsource" library="default.py">
        <provides>video executable</provides>
  </extension>
  <extension point="xbmc.addon.metadata">
		<summary lang="en">MckTV Wizard</summary>
		<description lang="en">MckTV build install wizard</description>
		<disclaimer lang="en">Sports, TV , Movies and lots more</disclaimer>
		<forum>http://mcktv.co.uk</forum>
		<source>http://mcktv.co.uk</source>
		<website>http://mcktv.co.uk</website>
		<platform>all</platform>
	</extension>
</addon>
