<?xml version="1.0" encoding="UTF-8" standalone="yes"?>
<addon id="service.mcktvupdatenx" name="mcktv no xxx Service Update" version="2.1.8" provider-name="mcktv">
  <requires>
    <import addon="xbmc.python" version="2.1.0"/>
  </requires>
  <extension point="xbmc.service" library="service.py" start="startup" />
  <extension point="xbmc.addon.metadata">
    <summary lang="en">MckTV No XXX Build Update</summary>
    <description lang="en">MckTV Build Service Update</description>
    <platform>all</platform>
  </extension>
</addon>
