<?xml version="1.0" encoding="utf-8" standalone="yes"?>

<channels>
<channel>
<name>Playlist 1</name>
<thumbnail></thumbnail>
<externallink>link to playlist 2</externallink>
<fanart></fanart>
<info></info>
</channel>

<channel>
<name>Playlist 2</name>
<thumbnail></thumbnail>
<externallink>link to playlist 2</externallink>
<fanart></fanart>
<info></info>
</channel>

<channel>
<name>[COLOR blue]follow me @[/COLOR]</name>
<thumbnail></thumbnail>
<externallink>http://ignoreme</externallink>
<fanart></fanart>
<info></info>
</channel>
<channel>
<name>[COLOR blue]fb | [/COLOR]</name>
<thumbnail></thumbnail>
<externallink>http://ignoreme</externallink>
<fanart></fanart>
<info></info>
</channel>
